<?xml version="1.0" encoding="UTF-8"?>
<beans xmlns="http://www.springframework.org/schema/beans"
	xmlns:xsi="http://www.w3.org/2001/XMLSchema-instance"
	xmlns:aop="http://www.springframework.org/schema/aop"
	xmlns:context="http://www.springframework.org/schema/context"
	xmlns:jdbc="http://www.springframework.org/schema/jdbc"
	xmlns:mybatis-spring="http://mybatis.org/schema/mybatis-spring"
	xsi:schemaLocation="http://www.springframework.org/schema/jdbc http://www.springframework.org/schema/jdbc/spring-jdbc-4.3.xsd
		http://mybatis.org/schema/mybatis-spring http://mybatis.org/schema/mybatis-spring-1.2.xsd
		http://www.springframework.org/schema/beans https://www.springframework.org/schema/beans/spring-beans.xsd
		http://www.springframework.org/schema/context http://www.springframework.org/schema/context/spring-context-4.3.xsd
		http://www.springframework.org/schema/aop http://www.springframework.org/schema/aop/spring-aop-4.3.xsd">
	
	<!-- Root Context: defines shared resources visible to all other web components -->
	
	<bean id="dataSource"
	      class="org.springframework.jdbc.datasource.DriverManagerDataSource">
	    <property name="driverClassName" value="com.mysql.jdbc.Driver"></property>
	    <property name="url"
	              value="jdbc:mysql://localhost:3306/adidas_store_tn?useSSL=false&amp;serverTimezone=Asia/Seoul">
	    </property>
	    <property name="username" value="root"></property>
	    <property name="password" value="cjgreen"></property>
	</bean> 
	
	<bean id="sqlSessionFactory" class="org.mybatis.spring.SqlSessionFactoryBean">
	    <property name="dataSource" ref="dataSource" />
	    <property name="mapperLocations" value="classpath:mappers/**/*Mapper.xml"></property>
	</bean>
	<mybatis-spring:scan base-package="kr.green.adidas.dao"/>
	
	<!-- 메일보내기 -->
	<bean id="mailSender" class="org.springframework.mail.javamail.JavaMailSenderImpl">
	    <property name="host" value="smtp.gmail.com" />
	    <property name="port" value="587" />
	    <property name="username" value="k9313308@gmail.com" />
	    <property name="password" value="qlalf1320!" />
	    <property name="javaMailProperties">
	        <props>
	            <prop key="mail.transport.protocol">smtp</prop>
	            <prop key="mail.smtp.auth">true</prop>
	            <prop key="mail.smtp.starttls.enable">true</prop>
	            <prop key="mail.debug">true</prop>
	        </props>
	    </property>
	</bean>
</beans>
