<?xml version="1.0" encoding="UTF-8"?>
<beans:beans xmlns="http://www.springframework.org/schema/mvc"
	xmlns:xsi="http://www.w3.org/2001/XMLSchema-instance"
	xmlns:beans="http://www.springframework.org/schema/beans"
	xmlns:context="http://www.springframework.org/schema/context"
	xsi:schemaLocation="http://www.springframework.org/schema/mvc https://www.springframework.org/schema/mvc/spring-mvc.xsd
		http://www.springframework.org/schema/beans https://www.springframework.org/schema/beans/spring-beans.xsd
		http://www.springframework.org/schema/context https://www.springframework.org/schema/context/spring-context.xsd">

	<!-- DispatcherServlet Context: defines this servlet's request-processing infrastructure -->
	
	<!-- Enables the Spring MVC @Controller programming model -->
	<annotation-driven />

	<!-- Handles HTTP GET requests for /resources/** by efficiently serving up static resources in the ${webappRoot}/resources directory -->
	<resources mapping="/resources/**" location="/resources/" />
	<resources mapping="/img/**" location="file:///D:/JAVA_TN/adidas_store_tn/upload/" />

	<!-- Resolves views selected for rendering by @Controllers to .jsp resources in the /WEB-INF/views directory -->
	<beans:bean class="org.springframework.web.servlet.view.InternalResourceViewResolver">
		<beans:property name="prefix" value="/WEB-INF/views/" />
		<beans:property name="suffix" value=".jsp" />
	</beans:bean>
	
	<context:component-scan base-package="kr.green.adidas.*" />
	
	<beans:bean id="tilesViewResolver" class="org.springframework.web.servlet.view.UrlBasedViewResolver">
	    <beans:property name="viewClass" value="org.springframework.web.servlet.view.tiles3.TilesView" />
	    <beans:property name="order" value="1" /><!-- 순서를 우선으로 지정 -->
	</beans:bean>
	     
	<beans:bean id="tilesConfigurer" class="org.springframework.web.servlet.view.tiles3.TilesConfigurer">
	    <beans:property name="definitions">
	        <beans:list>
	            <beans:value>/WEB-INF/spring/tiles-def.xml</beans:value>
	        </beans:list>
	    </beans:property>
	</beans:bean>
	
	<!-- servlet-context.xml -->
	<beans:bean id="multipartResolver" class="org.springframework.web.multipart.commons.CommonsMultipartResolver">
	    <!-- 업로드 최대 크기 10Mb -->
	    <beans:property name="maxUploadSize" value="10485760"></beans:property>
	</beans:bean>
	
	<beans:bean id="loginInterceptor" 
		class="kr.green.adidas.interceptor.LoginInterceptor"></beans:bean>
	<beans:bean id="memberInterceptor" 
		class="kr.green.adidas.interceptor.MemberInterceptor"></beans:bean>
	<beans:bean id="guestInterceptor" 
		class="kr.green.adidas.interceptor.GuestInterceptor"></beans:bean>
	<beans:bean id="autoLoginInterceptor" 
		class="kr.green.adidas.interceptor.AutoLoginInterceptor"></beans:bean>
	<beans:bean id="adminInterceptor" 
		class="kr.green.adidas.interceptor.AdminInterceptor"></beans:bean>
		
	<interceptors>
	    <interceptor>
	        <mapping path="/member/login"/>
	        <beans:ref bean="loginInterceptor"/>
	    </interceptor>
	    <interceptor>
	        <mapping path="/member/mypage"/>
	        <mapping path="/member/privacy"/>
	        <mapping path="/member/choice"/>
	        <mapping path="/member/basket"/>
	        <mapping path="/member/orderCheck"/>
	        <beans:ref bean="memberInterceptor"/>
	    </interceptor>
	    <interceptor>
	    	<mapping path="/member/login"/>
	        <mapping path="/member/signup"/>
	        <mapping path="/member/find"/>
	        <beans:ref bean="guestInterceptor"/>
	    </interceptor>
		<interceptor>
	        <mapping path="/**/"/>
	        <beans:ref bean="autoLoginInterceptor"/>
	    </interceptor>
	    <interceptor>
	        <mapping path="/admin"/>
	        <mapping path="/admin/orderAdmin"/>
	        <mapping path="/goods/register"/>
	        <mapping path="/goods/add"/>
	        <mapping path="/goods/modify"/>
	        <mapping path="/goods/delete"/>
	        <beans:ref bean="adminInterceptor"/>
	    </interceptor>
	</interceptors>
	
</beans:beans>
