<?xml version="1.0" encoding="UTF-8" ?>
<!DOCTYPE mapper
  PUBLIC "-//mybatis.org//DTD Mapper 3.0//EN"
  "http://mybatis.org/dtd/mybatis-3-mapper.dtd">
<mapper namespace="kr.green.adidas.dao.MemberDAO">
	<select id="selectMember" resultType="kr.green.adidas.vo.MemberVO">
		select * from member where me_email = #{me_email}
	</select>
	<insert id="insertEmailCheck">
		insert into emailcheck (em_email, em_checknum)
			values (#{emailCheck.em_email}, #{emailCheck.em_checknum})
	</insert>
	<select id="selectEmailCheck" resultType="kr.green.adidas.vo.EmailCheckVO">
		select * from emailcheck where em_email = #{em_email}
	</select>
	<delete id="deleteEmailCheck">
		delete from emailcheck where em_email = #{em_email}
	</delete>
	<insert id="insertMember">
		insert into member (me_email, me_pw, me_name, me_address, me_phone, me_postnum, me_address_detail)
			values (#{member.me_email}, #{member.me_pw}, #{member.me_name}, #{member.me_address},
					#{member.me_phone}, #{member.me_postnum}, #{member.me_address_detail} )
	</insert>
	<update id="updateAutoLogin">
		update member set 
			me_session_id = #{user.me_session_id},
			me_session_limit = #{user.me_session_limit}
			where me_email = #{user.me_email}
	</update>
	<select id="selectMemberBySessionId" resultType="kr.green.adidas.vo.MemberVO">
		select * from member where me_session_id = #{me_session_id} and me_session_limit >= now()
	</select>
	<update id="updateMember">
		update member set 
			me_pw = #{member.me_pw},
			me_name = #{member.me_name},
			me_address = #{member.me_address},
			me_postnum = #{member.me_postnum},
			me_address_detail = #{member.me_address_detail},
			me_phone = #{member.me_phone}
			where me_email = #{member.me_email}
	</update>
	<select id="selectSubCategory" resultType="kr.green.adidas.vo.SubCategoryVO">
		select * from subcategory
	</select>
</mapper>